<mxfile host="app.diagrams.net" modified="2024-04-04T12:08:21.076Z" agent="Mozilla/5.0 (X11; Ubuntu; Linux x86_64; rv:124.0) Gecko/20100101 Firefox/124.0" etag="LOL7_GpdE1zSb1sS_O3Y" version="24.2.2" type="device">
  <diagram name="Page-1" id="Fss2FoWvJ0hP0uHMl9td">
    <mxGraphModel dx="1434" dy="728" grid="1" gridSize="10" guides="1" tooltips="1" connect="1" arrows="1" fold="1" page="1" pageScale="1" pageWidth="850" pageHeight="1100" math="0" shadow="0">
      <root>
        <mxCell id="0" />
        <mxCell id="1" parent="0" />
        <mxCell id="p-4Ll8t3F1JdXLCd81cz-46" value="" style="rounded=0;whiteSpace=wrap;html=1;" parent="1" vertex="1">
          <mxGeometry x="30" y="95" width="1220" height="910" as="geometry" />
        </mxCell>
        <mxCell id="p-4Ll8t3F1JdXLCd81cz-24" style="edgeStyle=orthogonalEdgeStyle;rounded=0;orthogonalLoop=1;jettySize=auto;html=1;exitX=0.25;exitY=1;exitDx=0;exitDy=0;entryX=0.25;entryY=0;entryDx=0;entryDy=0;" parent="1" source="p-4Ll8t3F1JdXLCd81cz-1" target="p-4Ll8t3F1JdXLCd81cz-2" edge="1">
          <mxGeometry relative="1" as="geometry" />
        </mxCell>
        <mxCell id="p-4Ll8t3F1JdXLCd81cz-1" value=".yaml&lt;br&gt;instructions" style="rounded=0;whiteSpace=wrap;html=1;fillColor=#E6E6E6;" parent="1" vertex="1">
          <mxGeometry x="190" y="210" width="120" height="40" as="geometry" />
        </mxCell>
        <mxCell id="p-4Ll8t3F1JdXLCd81cz-13" value="Allocation modules" style="swimlane;horizontal=0;whiteSpace=wrap;html=1;" parent="1" vertex="1">
          <mxGeometry x="120" y="400" width="510" height="210" as="geometry" />
        </mxCell>
        <mxCell id="6JSDrU1MLBdZdgAXdyAp-30" style="edgeStyle=orthogonalEdgeStyle;rounded=0;orthogonalLoop=1;jettySize=auto;html=1;exitX=1;exitY=0.5;exitDx=0;exitDy=0;entryX=0;entryY=0.5;entryDx=0;entryDy=0;" parent="p-4Ll8t3F1JdXLCd81cz-13" source="fRex62CxVCtTmCwLUt7v-13" target="6JSDrU1MLBdZdgAXdyAp-2" edge="1">
          <mxGeometry relative="1" as="geometry">
            <Array as="points">
              <mxPoint x="190" y="40" />
            </Array>
          </mxGeometry>
        </mxCell>
        <mxCell id="fRex62CxVCtTmCwLUt7v-13" value="Allocation" style="rounded=0;whiteSpace=wrap;html=1;fillColor=#FFFFCC;" parent="p-4Ll8t3F1JdXLCd81cz-13" vertex="1">
          <mxGeometry x="70" y="20" width="120" height="40" as="geometry" />
        </mxCell>
        <mxCell id="6JSDrU1MLBdZdgAXdyAp-2" value="{provider}/provider" style="rounded=0;whiteSpace=wrap;html=1;fillColor=#FFFFCC;" parent="p-4Ll8t3F1JdXLCd81cz-13" vertex="1">
          <mxGeometry x="220" y="20" width="120" height="40" as="geometry" />
        </mxCell>
        <mxCell id="6JSDrU1MLBdZdgAXdyAp-34" style="edgeStyle=orthogonalEdgeStyle;rounded=0;orthogonalLoop=1;jettySize=auto;html=1;exitX=0.75;exitY=0;exitDx=0;exitDy=0;entryX=0.75;entryY=1;entryDx=0;entryDy=0;" parent="p-4Ll8t3F1JdXLCd81cz-13" source="6JSDrU1MLBdZdgAXdyAp-21" target="6JSDrU1MLBdZdgAXdyAp-20" edge="1">
          <mxGeometry relative="1" as="geometry" />
        </mxCell>
        <mxCell id="6JSDrU1MLBdZdgAXdyAp-21" value="{provider}/credentials" style="rounded=0;whiteSpace=wrap;html=1;fillColor=#FFFFCC;" parent="p-4Ll8t3F1JdXLCd81cz-13" vertex="1">
          <mxGeometry x="368" y="150" width="120" height="40" as="geometry" />
        </mxCell>
        <mxCell id="6JSDrU1MLBdZdgAXdyAp-33" style="edgeStyle=orthogonalEdgeStyle;rounded=0;orthogonalLoop=1;jettySize=auto;html=1;exitX=0.25;exitY=1;exitDx=0;exitDy=0;entryX=0.25;entryY=0;entryDx=0;entryDy=0;" parent="p-4Ll8t3F1JdXLCd81cz-13" source="6JSDrU1MLBdZdgAXdyAp-20" target="6JSDrU1MLBdZdgAXdyAp-21" edge="1">
          <mxGeometry relative="1" as="geometry" />
        </mxCell>
        <mxCell id="6JSDrU1MLBdZdgAXdyAp-20" value="{provider}/instance" style="rounded=0;whiteSpace=wrap;html=1;fillColor=#FFFFCC;" parent="p-4Ll8t3F1JdXLCd81cz-13" vertex="1">
          <mxGeometry x="367" y="80" width="120" height="40" as="geometry" />
        </mxCell>
        <mxCell id="6JSDrU1MLBdZdgAXdyAp-39" style="edgeStyle=orthogonalEdgeStyle;rounded=0;orthogonalLoop=1;jettySize=auto;html=1;exitX=1;exitY=0.5;exitDx=0;exitDy=0;entryX=0;entryY=0.5;entryDx=0;entryDy=0;" parent="p-4Ll8t3F1JdXLCd81cz-13" source="6JSDrU1MLBdZdgAXdyAp-16" target="6JSDrU1MLBdZdgAXdyAp-20" edge="1">
          <mxGeometry relative="1" as="geometry" />
        </mxCell>
        <mxCell id="6JSDrU1MLBdZdgAXdyAp-16" value="{provider}/models" style="rounded=0;whiteSpace=wrap;html=1;fillColor=#FFFFCC;" parent="p-4Ll8t3F1JdXLCd81cz-13" vertex="1">
          <mxGeometry x="220" y="80" width="120" height="40" as="geometry" />
        </mxCell>
        <mxCell id="6JSDrU1MLBdZdgAXdyAp-31" style="edgeStyle=orthogonalEdgeStyle;rounded=0;orthogonalLoop=1;jettySize=auto;html=1;exitX=0.5;exitY=1;exitDx=0;exitDy=0;entryX=0.5;entryY=0;entryDx=0;entryDy=0;" parent="p-4Ll8t3F1JdXLCd81cz-13" source="6JSDrU1MLBdZdgAXdyAp-2" target="6JSDrU1MLBdZdgAXdyAp-16" edge="1">
          <mxGeometry relative="1" as="geometry" />
        </mxCell>
        <mxCell id="p-4Ll8t3F1JdXLCd81cz-14" value="Launchers" style="swimlane;horizontal=0;whiteSpace=wrap;html=1;" parent="1" vertex="1">
          <mxGeometry x="120" y="280" width="510" height="120" as="geometry" />
        </mxCell>
        <mxCell id="6JSDrU1MLBdZdgAXdyAp-41" style="edgeStyle=orthogonalEdgeStyle;rounded=0;orthogonalLoop=1;jettySize=auto;html=1;exitX=0.25;exitY=1;exitDx=0;exitDy=0;entryX=0.25;entryY=0;entryDx=0;entryDy=0;" parent="p-4Ll8t3F1JdXLCd81cz-14" source="p-4Ll8t3F1JdXLCd81cz-2" target="fRex62CxVCtTmCwLUt7v-3" edge="1">
          <mxGeometry relative="1" as="geometry" />
        </mxCell>
        <mxCell id="p-4Ll8t3F1JdXLCd81cz-2" value="Workflow Launcher" style="rounded=0;whiteSpace=wrap;html=1;fillColor=#FFCCCC;" parent="p-4Ll8t3F1JdXLCd81cz-14" vertex="1">
          <mxGeometry x="70" y="10" width="120" height="40" as="geometry" />
        </mxCell>
        <mxCell id="fRex62CxVCtTmCwLUt7v-3" value="Allocation Launcher" style="rounded=0;whiteSpace=wrap;html=1;fillColor=#FFCCCC;" parent="p-4Ll8t3F1JdXLCd81cz-14" vertex="1">
          <mxGeometry x="70" y="65" width="120" height="40" as="geometry" />
        </mxCell>
        <mxCell id="p-4Ll8t3F1JdXLCd81cz-35" value="Instructions" style="swimlane;horizontal=0;whiteSpace=wrap;html=1;" parent="1" vertex="1">
          <mxGeometry x="120" y="180" width="510" height="100" as="geometry" />
        </mxCell>
        <mxCell id="lKQiF-u-_9RfAdhRbR26-4" value="Logs" style="swimlane;horizontal=0;whiteSpace=wrap;html=1;" parent="1" vertex="1">
          <mxGeometry x="120" y="620" width="240" height="130" as="geometry" />
        </mxCell>
        <mxCell id="p-4Ll8t3F1JdXLCd81cz-6" value="Logs" style="rounded=0;whiteSpace=wrap;html=1;fillColor=#E6E6E6;" parent="lKQiF-u-_9RfAdhRbR26-4" vertex="1">
          <mxGeometry x="70" y="45" width="120" height="40" as="geometry" />
        </mxCell>
        <mxCell id="p-4Ll8t3F1JdXLCd81cz-41" value="&lt;font style=&quot;font-size: 10px;&quot;&gt;parameters check&lt;/font&gt;" style="text;html=1;strokeColor=none;fillColor=none;align=center;verticalAlign=middle;whiteSpace=wrap;rounded=0;" parent="1" vertex="1">
          <mxGeometry x="230" y="392" width="90" height="30" as="geometry" />
        </mxCell>
        <mxCell id="fRex62CxVCtTmCwLUt7v-35" value="Provider" style="swimlane;horizontal=0;whiteSpace=wrap;html=1;rotation=-180;" parent="1" vertex="1">
          <mxGeometry x="650" y="400" width="360" height="215" as="geometry" />
        </mxCell>
        <mxCell id="fRex62CxVCtTmCwLUt7v-36" value="Vagrant" style="rounded=0;whiteSpace=wrap;html=1;fillColor=#CCFFFF;" parent="fRex62CxVCtTmCwLUt7v-35" vertex="1">
          <mxGeometry x="30" y="120" width="90" height="40" as="geometry" />
        </mxCell>
        <mxCell id="6JSDrU1MLBdZdgAXdyAp-1" value="AWS" style="rounded=0;whiteSpace=wrap;html=1;fillColor=#CCFFFF;" parent="fRex62CxVCtTmCwLUt7v-35" vertex="1">
          <mxGeometry x="30" y="40" width="90" height="40" as="geometry" />
        </mxCell>
        <mxCell id="6JSDrU1MLBdZdgAXdyAp-5" value="localhost" style="swimlane;horizontal=0;whiteSpace=wrap;html=1;rotation=-180;" parent="1" vertex="1">
          <mxGeometry x="380" y="620" width="240" height="130" as="geometry" />
        </mxCell>
        <mxCell id="6JSDrU1MLBdZdgAXdyAp-7" value="inventory.yml" style="rounded=0;whiteSpace=wrap;html=1;fillColor=#E6E6E6;" parent="6JSDrU1MLBdZdgAXdyAp-5" vertex="1">
          <mxGeometry x="45" y="20" width="120" height="40" as="geometry" />
        </mxCell>
        <mxCell id="6JSDrU1MLBdZdgAXdyAp-8" value="track.yml" style="rounded=0;whiteSpace=wrap;html=1;fillColor=#E6E6E6;" parent="1" vertex="1">
          <mxGeometry x="425" y="690" width="120" height="40" as="geometry" />
        </mxCell>
        <mxCell id="6JSDrU1MLBdZdgAXdyAp-25" style="edgeStyle=orthogonalEdgeStyle;rounded=0;orthogonalLoop=1;jettySize=auto;html=1;exitX=1;exitY=0.5;exitDx=0;exitDy=0;entryX=0;entryY=0.5;entryDx=0;entryDy=0;" parent="1" source="6JSDrU1MLBdZdgAXdyAp-20" target="6JSDrU1MLBdZdgAXdyAp-1" edge="1">
          <mxGeometry relative="1" as="geometry">
            <Array as="points">
              <mxPoint x="660" y="500" />
              <mxPoint x="660" y="460" />
            </Array>
          </mxGeometry>
        </mxCell>
        <mxCell id="6JSDrU1MLBdZdgAXdyAp-35" style="edgeStyle=orthogonalEdgeStyle;rounded=0;orthogonalLoop=1;jettySize=auto;html=1;exitX=1;exitY=0.5;exitDx=0;exitDy=0;entryX=0;entryY=0.5;entryDx=0;entryDy=0;" parent="1" source="6JSDrU1MLBdZdgAXdyAp-20" target="fRex62CxVCtTmCwLUt7v-36" edge="1">
          <mxGeometry relative="1" as="geometry">
            <Array as="points">
              <mxPoint x="660" y="500" />
              <mxPoint x="660" y="540" />
            </Array>
          </mxGeometry>
        </mxCell>
        <mxCell id="6JSDrU1MLBdZdgAXdyAp-42" style="edgeStyle=orthogonalEdgeStyle;rounded=0;orthogonalLoop=1;jettySize=auto;html=1;exitX=0.25;exitY=1;exitDx=0;exitDy=0;entryX=0.25;entryY=0;entryDx=0;entryDy=0;" parent="1" source="fRex62CxVCtTmCwLUt7v-3" target="fRex62CxVCtTmCwLUt7v-13" edge="1">
          <mxGeometry relative="1" as="geometry" />
        </mxCell>
        <mxCell id="6JSDrU1MLBdZdgAXdyAp-43" style="edgeStyle=orthogonalEdgeStyle;rounded=0;orthogonalLoop=1;jettySize=auto;html=1;exitX=0.25;exitY=1;exitDx=0;exitDy=0;entryX=0.25;entryY=0;entryDx=0;entryDy=0;" parent="1" source="fRex62CxVCtTmCwLUt7v-13" target="p-4Ll8t3F1JdXLCd81cz-6" edge="1">
          <mxGeometry relative="1" as="geometry" />
        </mxCell>
        <mxCell id="6JSDrU1MLBdZdgAXdyAp-44" style="edgeStyle=orthogonalEdgeStyle;rounded=0;orthogonalLoop=1;jettySize=auto;html=1;exitX=0.75;exitY=1;exitDx=0;exitDy=0;entryX=0;entryY=0.5;entryDx=0;entryDy=0;" parent="1" source="fRex62CxVCtTmCwLUt7v-13" target="6JSDrU1MLBdZdgAXdyAp-7" edge="1">
          <mxGeometry relative="1" as="geometry">
            <Array as="points">
              <mxPoint x="280" y="570" />
              <mxPoint x="400" y="570" />
              <mxPoint x="400" y="660" />
            </Array>
          </mxGeometry>
        </mxCell>
        <mxCell id="6JSDrU1MLBdZdgAXdyAp-45" style="edgeStyle=orthogonalEdgeStyle;rounded=0;orthogonalLoop=1;jettySize=auto;html=1;exitX=0.75;exitY=1;exitDx=0;exitDy=0;entryX=0;entryY=0.5;entryDx=0;entryDy=0;" parent="1" source="fRex62CxVCtTmCwLUt7v-13" target="6JSDrU1MLBdZdgAXdyAp-8" edge="1">
          <mxGeometry relative="1" as="geometry">
            <Array as="points">
              <mxPoint x="280" y="570" />
              <mxPoint x="400" y="570" />
              <mxPoint x="400" y="710" />
            </Array>
          </mxGeometry>
        </mxCell>
        <mxCell id="SArZPX67pld8EJLVG75X-2" value="PowerPC Hosts" style="rounded=0;whiteSpace=wrap;html=1;fillColor=#CCFFFF;" vertex="1" parent="1">
          <mxGeometry x="850" y="560" width="90" height="40" as="geometry" />
        </mxCell>
        <mxCell id="SArZPX67pld8EJLVG75X-3" value="Wazuh infra (macOS)" style="rounded=0;whiteSpace=wrap;html=1;fillColor=#CCFFFF;" vertex="1" parent="1">
          <mxGeometry x="850" y="510" width="90" height="40" as="geometry" />
        </mxCell>
        <mxCell id="SArZPX67pld8EJLVG75X-4" value="macStadium" style="rounded=0;whiteSpace=wrap;html=1;fillColor=#CCFFFF;" vertex="1" parent="1">
          <mxGeometry x="850" y="460" width="90" height="40" as="geometry" />
        </mxCell>
        <mxCell id="SArZPX67pld8EJLVG75X-6" value="Local" style="rounded=0;whiteSpace=wrap;html=1;fillColor=#CCFFFF;" vertex="1" parent="1">
          <mxGeometry x="850" y="410" width="90" height="40" as="geometry" />
        </mxCell>
        <mxCell id="SArZPX67pld8EJLVG75X-7" style="edgeStyle=orthogonalEdgeStyle;rounded=0;orthogonalLoop=1;jettySize=auto;html=1;entryX=0;entryY=0.5;entryDx=0;entryDy=0;" edge="1" parent="1" source="fRex62CxVCtTmCwLUt7v-36" target="SArZPX67pld8EJLVG75X-6">
          <mxGeometry relative="1" as="geometry" />
        </mxCell>
        <mxCell id="SArZPX67pld8EJLVG75X-8" style="edgeStyle=orthogonalEdgeStyle;rounded=0;orthogonalLoop=1;jettySize=auto;html=1;entryX=0;entryY=0.5;entryDx=0;entryDy=0;" edge="1" parent="1" source="fRex62CxVCtTmCwLUt7v-36" target="SArZPX67pld8EJLVG75X-4">
          <mxGeometry relative="1" as="geometry" />
        </mxCell>
        <mxCell id="SArZPX67pld8EJLVG75X-9" style="edgeStyle=orthogonalEdgeStyle;rounded=0;orthogonalLoop=1;jettySize=auto;html=1;" edge="1" parent="1" source="fRex62CxVCtTmCwLUt7v-36" target="SArZPX67pld8EJLVG75X-3">
          <mxGeometry relative="1" as="geometry" />
        </mxCell>
        <mxCell id="SArZPX67pld8EJLVG75X-10" style="edgeStyle=orthogonalEdgeStyle;rounded=0;orthogonalLoop=1;jettySize=auto;html=1;" edge="1" parent="1" source="fRex62CxVCtTmCwLUt7v-36" target="SArZPX67pld8EJLVG75X-2">
          <mxGeometry relative="1" as="geometry" />
        </mxCell>
      </root>
    </mxGraphModel>
  </diagram>
</mxfile>
